<?xml version="1.0" encoding="UTF-8"?>
<project-private xmlns="http://www.netbeans.org/ns/project-private/1">
    <editor-bookmarks xmlns="http://www.netbeans.org/ns/editor-bookmarks/2" lastBookmarkId="0"/>
    <open-files xmlns="http://www.netbeans.org/ns/projectui-open-files/2">
        <group>
            <file>file:/S:/SEM%201/AED/Repository/gothe_sharwari_001442660/assignment3.0/src/Interface/Airliners/AirlinerTableDetails.java</file>
            <file>file:/S:/SEM%201/AED/Repository/gothe_sharwari_001442660/assignment3.0/src/Interface/Airliners/CreateNewAirliner.java</file>
            <file>file:/S:/SEM%201/AED/Repository/gothe_sharwari_001442660/assignment3.0/src/Business/Customer.java</file>
            <file>file:/S:/SEM%201/AED/Repository/gothe_sharwari_001442660/assignment3.0/src/Business/AirlinerDirectory.java</file>
            <file>file:/S:/SEM%201/AED/Repository/gothe_sharwari_001442660/assignment3.0/src/Interface/Airliners/ViewAirlinerDetails.java</file>
            <file>file:/S:/SEM%201/AED/Repository/gothe_sharwari_001442660/assignment3.0/src/Interface/Customer/CustomerDetails.java</file>
            <file>file:/S:/SEM%201/AED/Repository/gothe_sharwari_001442660/assignment3.0/src/Business/CustomerDirectory.java</file>
            <file>file:/S:/SEM%201/AED/Repository/gothe_sharwari_001442660/assignment3.0/src/Business/Flightdetails.java</file>
            <file>file:/S:/SEM%201/AED/Repository/gothe_sharwari_001442660/assignment3.0/src/Interface/Customer/CustomerSpecification.java</file>
            <file>file:/S:/SEM%201/AED/Repository/gothe_sharwari_001442660/assignment3.0/src/Business/Airliner.java</file>
            <file>file:/S:/SEM%201/AED/Repository/gothe_sharwari_001442660/assignment3.0/src/Interface/Airliners/LoginAirliner.java</file>
            <file>file:/S:/SEM%201/AED/Repository/gothe_sharwari_001442660/assignment3.0/src/Business/FlightdetailsDirectory.java</file>
            <file>file:/S:/SEM%201/AED/Repository/gothe_sharwari_001442660/assignment3.0/src/Interface/Customer/flightfilterdata.java</file>
        </group>
    </open-files>
</project-private>
